Id,Product
1,COM CSP LMC Software
2,COM EMS
3,COM NMGR Software
4,COM Observatory Helpdesk
5,COM Observatory User System
6,COM OSO
7,COM OSO Hardware
8,COM OSO Software
9,COM Platform and DevSecOps
10,COM PSS Software
11,COM PST Software
12,COM SAT LMC Software
13,COM SDP Software
14,COM Support & Simulation Tools
15,COM TMC Software
16,LOW AAVS1
17,LOW AAVS1.5
18,LOW Access
19,LOW Antenna Assembly
20,LOW Buildings
21,LOW Camps
22,LOW CBF
23,LOW CPF
24,LOW CPF-SPC Link
25,LOW CSP
26,LOW CSP LMC
27,LOW CSP LMC Hardware
28,LOW FCA
29,LOW Field Node
30,LOW Field Station
31,LOW FNDH
32,LOW FNDH Infrastructure
33,LOW FNDH Power Module
34,LOW Ground Plane
35,LOW INAU
36,LOW ITF
37,LOW LFAA
38,LOW LINFRA
39,LOW LINFRA 1
40,LOW LINFRA 3
41,LOW LINFRA ext
42,LOW Maintenance and Support Systems
43,LOW MCCS
44,LOW MCCS Hardware
45,LOW MCCS Software
46,LOW Networks
47,LOW NMGR
48,LOW NMGR Hardware
49,LOW NSDN
50,LOW PaSD
51,LOW Power System
52,LOW PSS
53,LOW PSS Hardware
54,LOW PST
55,LOW PST Hardware
56,LOW RPF
57,LOW SAT
58,LOW SAT LMC
59,LOW SAT LMC Hardware
60,LOW SAT STFR FRQ
61,LOW SAT STFR UTC
62,LOW SAT Timescale
63,LOW SDP
64,LOW SDP Compute Hardware
65,LOW SDP Hardware
66,LOW SDP Preservation Hardware
67,LOW Site Communications
68,LOW Site Monitoring
69,LOW SMART Box
70,LOW SPS
71,LOW SPS Cabinet
72,LOW SPS Network Infrastructure
73,LOW Telescope Enabling Systems
74,LOW Temporary CPF
75,LOW Temporary Verification Facility
76,LOW Test Systems
77,LOW TMC
78,LOW TMC Hardware
79,LOW Vehicles
80,LOW Verification Systems
81,LOW Water and Sanitation
82,MID Access
83,MID Buildings
84,MID CBF
85,MID CBF HW
86,MID CBF SW
87,MID CPF-SPC Link
88,MID CSP
89,MID CSP LMC
90,MID Dish
91,MID Dish DFN
92,MID Dish Foundation
93,MID Dish INFRA
94,MID Dish LMC
95,MID Dish Structure
96,MID DS Backup Struct
97,MID DS Controls
98,MID DS El Assy
99,MID DS EMI Cabinet
100,MID DS Feed Indexer
101,MID DS Main Reflector
102,MID DS Pedestal
103,MID DS Subreflector
104,MID DS Turnhead
105,MID INFRA
106,MID LINFRA
107,MID LINFRA 1
108,MID LINFRA CBF-SDP
109,MID LINFRA MK+
110,MID LINFRA Networks
111,MID LINFRA SAT
112,MID Networks
113,MID NMGR
114,MID NMGR Hardware
115,MID NSDN
116,MID Power System
117,MID PSS
118,MID PSS HW
119,MID PSS SW
120,MID PST
121,MID PST HW
122,MID PST SW
123,MID SAT
124,MID SAT LMC
125,MID SAT LMC Hardware
126,MID SAT STFR FRQ
127,MID SAT STFR UTC
128,MID SAT Timescale
129,MID SDP
130,MID SDP Compute Hardware
131,MID SDP Hardware
132,MID SDP Preservation Hardware
133,MID Security
134,MID Site Communication
135,MID Site Monitoring
136,MID SPF B1
137,MID SPF B2
138,MID SPF B345
139,MID SPF Controller
140,MID SPF Helium
141,MID SPF System
142,MID SPF Vacuum
143,MID SPFRx
144,MID TMC
145,MID TMC HW
146,MID TMC SW
147,MID Vehicles
148,MID Water and Sanitation
149,MK Integrated
150,MK LMC
